25,Joseph,Mendoza,52.0
26,Jamie,Mendez,46.0
27,Nancy,Juarez,59.0
28,Emily,Cole,44.0
29,Alexander,Watson,57.0
30,Kevin,Guzman,53.0
31,Nicole,Thomas,45.0
32,Scott,Baldwin,70.0
33,Richard,Rose,53.0
34,Teresa,Cannon,56.0
35,Trevor,Gray,47.0
36,Steven,Key,43.0
37,Steven,Ho,48.0
38,Bradley,Moore,47.0
39,Bruce,Collins,44.0
40,Tammy,Cruz,51.0
41,Robert,James,41.0
42,Michelle,Strong,43.0
43,Benjamin,Gibson,41.0
44,Gail,Ayala,58.0
45,Jessica,Navarro,44.0
46,Christopher,Ponce,61.0
47,Margaret,Holloway,50.0
48,Samantha,Fisher,49.0
49,Donna,Hughes,55.0
50,Austin,Alexander,40.0
51,Randy,Swanson,55.0
52,Jesus,Johnson,47.0
53,Dawn,Andrade,53.0
54,Tammy,Hicks,62.0
55,Michael,Thomas,48.0
56,Joshua,Butler,44.0
57,Adam,Roth,47.0
58,Christina,Stanley,32.0
59,Keith,Edwards,47.0
60,Adam,Lang,58.0
61,Peter,Hampton,51.0
62,Jamie,Richardson,44.0
63,Colleen,Hawkins,36.0
64,Donna,Merritt,58.0
65,William,Evans,54.0
66,Amy,Moreno,38.0
67,Barbara,Nolan,54.0
68,Stephanie,Miller,35.0
69,Kiara,Rush,47.0
70,Patrick,Henderson,46.0
71,Destiny,Cohen,46.0
72,Cheryl,Berger,64.0
73,Susan,Lopez,46.0
74,Michelle,Arnold,44.0
75,Robin,Morris,33.0
76,Elizabeth,Chapman,47.0
77,Daniel,Singleton,52.0
78,Becky,Hardy,44.0
79,Juan,Cochran,65.0
80,Lisa,Lewis,48.0
81,Carolyn,Green,47.0
82,Kristin,Stevens,53.0
83,Justin,Harper,49.0
84,Michelle,Johnson,55.0
85,William,Johnson,50.0
86,Angela,Powell,38.0
87,Natalie,Hayes,50.0
88,Robert,Morris,42.0
89,Kathleen,Chung,38.0
90,Marie,Trujillo,60.0
91,Diana,Mcgrath,56.0
92,Ashley,Ramos,39.0
93,Daniel,Greer,66.0
94,Danielle,Jackson,51.0
95,Joseph,Brown,49.0
96,Tracey,Manning,53.0
97,Ronald,Potter,55.0
98,Pedro,Patterson,49.0
99,Rebecca,Morse,34.0
100,April,Thomas,50.0
101,Stephanie,Guerrero,52.0
102,Kelly,Smith,53.0
103,Kara,Walker,61.0
104,James,Hubbard,53.0
105,Katie,Garcia,46.0
106,Meredith,Patel,35.0
107,Jeffery,Hull,49.0
108,Joshua,Hill,44.0
109,Stephanie,Bridges,34.0
110,Victor,Smith,35.0
111,Randall,Stevens,46.0
112,Jennifer,Ware,42.0
113,Ann,Faulkner,45.0
114,Lindsey,Harding,48.0
115,Kathy,Snyder,53.0
116,Jacob,Ramirez,49.0
117,Natalie,Murphy,48.0
118,Olivia,Berry,55.0
119,Sarah,Johnson,44.0
120,Scott,Taylor,56.0
121,Gregory,Pittman,40.0
122,Nicholas,Cantrell,52.0
123,Amanda,Leon,55.0
124,Wendy,Jones,60.0
125,Katie,Nichols,44.0
126,Michael,Thompson,58.0
127,David,Rivera,53.0
128,Jessica,Rocha,65.0
129,Beth,Stanley,49.0
130,Carlos,Salas,43.0
131,Melinda,Green,44.0
132,Joann,Olson,52.0
133,Valerie,White,51.0
134,Susan,Wright,39.0
135,Deanna,Kennedy,50.0
136,Aaron,Lee,44.0
137,Taylor,Martinez,50.0
138,Brian,Vang,53.0
139,Monica,Taylor,55.0
140,Mark,Taylor,49.0
141,Brian,White,46.0
142,Chad,Phillips,44.0
143,Seth,Nelson,48.0
144,Tamara,Green,42.0
145,Taylor,Hill,62.0
146,Robert,Davis,53.0
147,Jeremy,Tucker,46.0
148,Charles,Shaw,58.0
149,Christie,Bradford,54.0
150,Kelli,Morrison,54.0
151,Sonya,Townsend,60.0
152,Angela,Guzman,63.0
153,Gary,Smith,42.0
154,Danny,Murphy,51.0
155,Eric,Myers,47.0
156,Emily,Moody,58.0
157,Andrea,Robinson,43.0
158,Jacqueline,Wiley,57.0
159,Kayla,Day,45.0
160,Travis,Reid,54.0
161,Douglas,Day,51.0
162,Stephanie,Paul,43.0
163,Henry,Robinson,53.0
164,Ryan,Rasmussen,54.0
165,Denise,Jackson,51.0
166,Karen,Ramirez,46.0
167,Nicole,Gilbert,50.0
168,Rhonda,Hood,45.0
169,Michelle,Robertson,53.0
170,Robert,Moran,42.0
171,Mary,Beck,56.0
172,Laura,Norris,46.0
173,Carl,Watson,54.0
174,Marissa,Collins,60.0
175,Troy,Pearson,54.0
176,David,Craig,57.0
177,Eric,Wolf,54.0
178,Maria,Humphrey,58.0
179,Chris,Ashley,38.0
180,Lori,Washington,56.0
181,Pamela,Shelton,65.0
182,Richard,Smith,44.0
183,Johnny,Griffin,47.0
184,Lisa,Griffin,60.0
185,Mark,Martinez,54.0
186,Chad,Gross,55.0
187,Jeremy,Brown,54.0
188,Justin,Neal,45.0
189,Charles,Wilson,52.0
190,Anne,Stewart,56.0
191,Walter,Harper,59.0
192,Kevin,Anderson,57.0
193,Gary,Petty,53.0
194,Jorge,Jones,45.0
195,Lisa,Allen,54.0
196,Melissa,Bennett,47.0
197,Nicole,Cook,59.0
198,Andrea,Stein,57.0
199,Janet,Carter,50.0
200,Michael,Hammond,58.0
201,Gary,Cantu,44.0
202,Shawn,Brown,40.0
203,Rebecca,Johnson,56.0
204,Morgan,Campbell,49.0
205,Stephen,Hill,43.0
206,David,Jennings,51.0
207,Michael,Nunez,42.0
208,Judy,Williams,42.0
209,Samuel,King,47.0
210,Nancy,Rhodes,53.0
211,Travis,Bishop,49.0
212,Daniel,Riley,49.0
213,Michael,Kline,47.0
214,Monica,Valdez,61.0
215,Erin,Price,57.0
216,Allison,Ramirez,45.0
217,Aaron,Smith,59.0
218,Ronnie,Chandler,50.0
219,Kimberly,Saunders,51.0
220,Justin,Simon,42.0
221,Sheila,Williams,49.0
222,Debra,Murphy,55.0
223,Cheyenne,Rasmussen,45.0
224,Amanda,Horn,52.0
225,Devon,Valdez,48.0
226,Ernest,Williams,52.0
227,Joshua,Bowman,37.0
228,Ashley,Craig,38.0
229,Kelsey,Boyer,48.0
230,Michael,Jones,55.0
231,Julie,Noble,49.0
232,Jorge,Gardner,43.0
233,Caitlin,Hill,59.0
234,David,Williams,48.0
235,Michelle,Davis,55.0
236,Henry,Wade,46.0
237,Daniel,Cook,54.0
238,Ashley,Bennett,45.0
239,Evan,Webb,56.0
240,Barbara,Hunt,46.0
241,Jason,Collier,59.0
242,Sarah,Brewer,49.0
243,Heather,Hancock,62.0
244,Edward,Ramirez,66.0
245,Michael,Smith,45.0
246,Alvin,Logan,55.0
247,Christopher,Davidson,55.0
248,Elizabeth,Gonzalez,37.0
249,David,Lopez,41.0
